<?xml version="1.0" encoding="UTF-8"?>
<beans xmlns="http://www.springframework.org/schema/beans"
	xmlns:xsi="http://www.w3.org/2001/XMLSchema-instance"
	xmlns:context="http://www.springframework.org/schema/context"
	xsi:schemaLocation="http://www.springframework.org/schema/beans http://www.springframework.org/schema/beans/spring-beans-3.2.xsd
		http://www.springframework.org/schema/context http://www.springframework.org/schema/context/spring-context-3.2.xsd">


<bean id="emp" class="Lab1.first.Employee">
<property name="employeeId" value="12345"/>
<property name="employeeName" value="Harriet"/>
<property name="salary" value="40000"/>
<property name="businessUnit" value="PES-BU"/>
<property name="age" value="30"/>
</bean>

<bean id="employee" class="Lab1.second.Employee">
<property name="employeeId" value="12345"/>
<property name="employeeName" value="Harriet"/>
<property name="salary" value="40000"/>
<property name="businessUnit" value="PES-BU"/>
<property name="age" value="30"/>
<property name="s" ref="sbu"></property>
</bean>

<bean id="sbu" class="Lab1.second.Sbu">
<property name="sbuHead" value="Kiran Rao"/>
<property name="sbuName" value="Product Enginering Services"/>
</bean>
</beans>
